Cittadinanza;1979;1980;1981;1982;1983;1984;1985;1986;1987;1988;1989;1990;1991;1992;1993;1994;1995;1996;1997;1998;1999;2000;2001;2002;2003;2004;2005;2006;2007;2008;2009;2010;2011;2012
Afghanistan;22;25;23;20;29;28;23;21;13;13;12;12;7;0;12;13;9;9;9;9;9;10;9;10;3;3;11;15;23;31;60;104;101;165
Albania;34;30;28;27;31;28;26;23;22;20;19;19;62;0;242;338;438;531;837;1367;1576;2205;2997;3240;2861;3672;4273;4475;4529;4608;5012;5283;5441;5805
Algeria;76;86;127;147;143;139;142;136;74;81;88;102;56;0;218;239;235;251;316;452;478;519;594;548;378;450;520;549;574;599;631;667;667;678
Altre nazioni o n.d.;7578;7606;7722;7744;400;0;0;0;168;164;161;155;0;201;15;144;132;120;0;0;3;3;3;2;0;0;0;0;0;0;0;0;0;0
Andorra;0;0;0;0;0;0;0;0;0;0;0;0;0;0;1;1;1;1;1;1;1;1;1;1;0;0;0;0;0;0;0;0;0;0
Angola;3;1;1;1;2;3;3;3;1;1;2;8;20;0;25;28;30;29;33;37;41;39;53;61;53;54;50;46;46;41;45;44;45;52
Antigua e Barbuda;0;0;0;0;0;0;0;0;1;1;1;1;3;0;1;1;0;0;0;1;1;1;0;0;0;0;0;0;0;0;0;0;0;0
Apolide;0;0;0;0;0;0;0;0;79;75;73;67;0;0;54;56;52;46;45;44;38;35;34;28;11;10;11;12;11;12;13;14;15;13
Arabia Saudita;7;7;9;10;11;8;8;7;7;7;7;7;6;0;4;4;4;4;5;4;5;5;5;5;1;1;2;3;3;3;3;3;2;3
Area Ex-Urss;33;31;40;36;71;75;81;88;46;59;63;80;151;0;194;229;0;0;0;0;0;0;0;0;0;0;0;0;0;0;0;0;0;0
Argentina;224;237;262;299;386;383;375;361;376;401;411;501;412;601;572;569;565;541;545;572;577;585;626;654;418;506;552;571;552;525;543;582;618;661
Armenia;0;0;0;0;0;0;0;0;0;0;0;0;0;0;0;0;0;0;2;4;6;9;12;14;12;12;21;22;25;25;26;36;42;46
Australia;51;58;64;57;80;86;95;85;85;88;93;88;53;0;109;111;118;124;129;135;136;147;156;154;79;95;106;114;114;121;121;126;145;148
Austria;503;505;466;447;558;526;512;501;542;547;529;531;282;506;495;507;502;499;492;533;529;527;543;518;324;326;341;334;325;341;365;365;361;378
Azerbaigian;0;0;0;0;0;0;0;0;0;0;0;0;0;0;0;0;1;1;1;2;1;5;19;18;16;9;20;22;23;22;26;26;24;25
Bahama;0;0;0;0;0;0;0;0;1;1;1;1;1;0;1;1;2;2;2;2;2;2;2;2;0;0;0;0;0;0;0;1;1;2
Bangladesh;5;6;0;13;13;16;15;15;14;16;18;21;93;0;318;331;337;358;478;712;813;1120;1501;1526;1288;1993;2268;2447;2541;2676;3320;3863;4738;5988
Barbados;0;0;0;0;1;1;2;0;0;0;0;0;0;0;0;0;0;0;0;0;1;1;1;1;1;1;1;1;1;2;2;2;1;1
Belgio;123;111;115;130;236;243;241;243;252;249;246;252;131;0;270;284;302;312;339;350;360;376;408;404;230;246;276;268;277;288;298;306;310;319
Belize;0;0;0;0;0;0;0;0;0;0;0;0;0;0;0;0;0;0;0;0;0;3;2;1;0;0;0;0;0;0;0;0;0;0
Benin (Dahomey);0;0;0;0;0;0;0;0;1;1;1;1;3;0;7;12;13;12;15;16;19;20;19;26;10;11;15;16;17;13;14;16;19;26
Bhutan;0;0;0;0;0;0;0;0;0;0;0;0;0;0;0;0;0;0;0;1;1;1;1;1;0;0;0;0;0;0;0;0;0;0
Bielorussia;0;0;0;0;0;0;0;0;0;0;0;0;0;0;0;0;1;2;3;4;4;8;12;18;22;39;60;78;84;88;105;130;169;217
Bolivia;2;2;2;13;16;12;14;20;17;19;19;20;61;0;52;46;43;43;51;66;71;97;108;119;112;301;411;483;530;582;787;1206;1695;2028
Bosnia-Erzegovina;0;0;0;0;0;0;0;0;0;0;0;0;0;0;4;41;110;137;153;172;181;219;241;249;160;197;219;236;246;242;243;241;228;290
Brasile;83;88;107;153;253;273;287;312;367;426;471;621;568;900;1022;1096;1173;1201;1347;1669;1707;1864;2035;2062;1530;1962;2580;2602;2612;2588;2867;3164;3498;3874
Bulgaria;22;22;26;29;97;98;104;110;81;90;91;93;79;0;147;166;180;213;257;355;404;546;626;649;559;819;915;973;1079;1193;1324;1490;1570;1786
Burkina Faso (Alto Volta);0;0;0;1;2;2;2;1;0;1;4;5;4;0;6;13;16;20;23;34;31;31;31;33;33;37;38;41;40;40;50;47;43;58
Burundi;4;6;7;9;9;9;9;9;7;10;10;9;8;0;12;12;16;15;17;23;22;28;26;25;15;15;16;16;15;13;13;11;11;11
Cambogia;1;1;1;3;3;3;3;3;1;1;0;0;3;0;0;0;0;0;0;0;0;0;0;0;0;0;3;6;10;7;0;0;1;0
Camerun;4;4;6;7;12;16;19;18;33;35;33;38;13;0;64;78;83;91;100;107;117;119;133;140;93;119;168;200;205;207;258;316;318;351
Canada;73;69;70;87;106;113;116;115;128;136;130;128;72;0;150;156;186;184;185;200;204;212;228;227;127;136;153;154;157;156;164;173;178;199
Capo Verde;3;5;23;40;44;57;64;66;65;69;71;78;45;0;81;92;108;114;115;124;131;142;162;170;145;174;192;203;199;197;194;194;190;187
Ceca, Rep.;0;0;0;0;0;0;0;0;0;0;0;0;0;0;0;0;0;170;179;187;187;187;207;209;108;119;138;145;157;162;177;179;194;223
Cecoslovacchia;31;27;37;40;99;101;100;117;84;96;110;114;88;0;140;155;171;0;0;0;0;0;0;0;0;0;0;0;0;0;0;0;0;0
Centrafricana Rep.;2;2;2;2;2;2;2;3;1;1;1;2;4;0;2;1;1;1;2;2;2;2;3;3;2;1;1;2;1;3;4;3;5;5
Ciad;0;0;0;0;0;0;0;0;0;0;0;0;0;0;0;0;1;1;1;1;1;4;4;5;3;7;7;8;7;9;10;10;9;14
Cile;97;105;133;138;169;160;136;134;131;136;151;164;133;0;208;207;216;219;240;261;269;293;319;293;209;237;260;271;280;285;299;309;332;370
Cinese, Repubblica Popolare;166;152;194;278;456;500;531;580;1069;1508;1594;1892;983;2793;3079;3284;3576;3878;5038;6931;7516;8675;10296;10947;9301;11529;13110;14039;14736;15259;17201;18946;20852;23967
Cipro;12;15;22;29;38;43;43;43;38;39;44;45;17;0;44;47;47;46;46;47;50;51;55;51;9;10;10;10;10;10;15;15;17;22
Città del Vaticano;0;0;0;0;0;0;0;0;0;0;0;0;2;0;0;0;0;0;0;0;0;0;0;0;0;0;0;0;0;0;0;0;0;0
Colombia;36;34;46;55;60;71;66;78;81;98;115;153;113;0;219;220;235;256;298;338;369;458;550;593;528;831;951;948;936;907;992;1024;1085;1174
Comore;0;0;0;0;0;0;0;0;0;0;0;0;2;0;0;0;0;0;0;0;0;0;0;0;0;0;0;0;0;0;0;0;0;0
Congo;2;2;2;2;2;2;2;4;7;7;7;8;12;0;61;20;21;27;30;29;34;43;67;77;75;99;123;126;143;130;126;116;115;119
Congo, Rep. Dem. (Zaire);15;25;28;31;36;34;29;33;21;20;22;24;18;0;0;50;46;58;71;84;85;87;88;81;53;65;75;78;82;83;100;101;101;103
Corea, Rep. Pop. Dem. (Corea del Nord);1;2;1;1;1;1;1;1;4;4;4;4;26;0;5;5;5;4;3;3;3;3;3;3;0;3;3;4;4;4;4;4;4;5
Corea, Repubblica (Corea del Sud);73;71;91;107;107;127;135;147;166;180;192;239;136;0;311;2;426;459;504;574;599;636;706;726;375;400;458;475;494;516;564;583;637;700
Costa d'Avorio;22;25;31;35;38;41;34;42;44;50;55;63;53;0;120;125;120;134;189;240;246;253;263;239;189;210;231;237;233;240;257;277;268;351
Costarica;1;1;1;2;7;8;6;7;9;10;11;12;8;0;15;13;14;15;18;23;22;21;20;19;8;10;15;15;14;13;12;12;13;18
Croazia;0;0;0;0;0;0;0;0;0;0;0;0;0;0;70;176;306;345;385;440;458;457;492;459;350;374;414;406;408;392;393;403;404;480
Cuba;9;14;17;20;24;22;22;24;17;19;15;19;15;0;42;50;67;87;114;179;220;279;352;393;335;399;491;514;507;514;582;613;658;726
Danimarca;55;55;58;50;62;67;65;67;77;82;94;94;60;0;131;146;159;163;183;199;198;214;211;201;104;109;118;117;118;121;133;149;154;154
Dominica;0;0;0;0;0;0;0;0;0;0;0;0;3;0;0;0;0;22;27;23;18;15;13;10;8;9;7;7;5;5;5;7;7;7
Dominicana, Repubblica;10;11;15;15;25;28;26;25;41;64;75;97;86;0;182;211;265;274;352;517;564;641;735;764;649;723;807;842;847;844;980;1047;1107;1209
Ecuador;8;8;9;13;14;16;17;18;23;34;34;60;71;0;97;108;149;203;441;751;1101;2006;2714;3157;4163;10518;12356;12680;12348;12137;12884;13542;14232;14909
Egitto;706;873;1237;1658;2201;2498;2687;2798;3167;3574;3829;4536;2934;6360;6834;7325;7473;8154;9439;11075;11842;13309;15581;15670;13020;18529;20992;22137;22934;23518;25838;28643;31999;35970
El Salvador;38;49;99;154;203;247;278;303;431;494;507;632;430;859;941;1035;1127;1163;1278;1501;1568;1751;1926;1933;1796;2273;2497;2556;2553;2562;2739;3133;3720;4268
Emirati Arabi Uniti;3;3;0;3;3;5;5;5;0;0;0;0;7;0;0;0;0;0;0;0;0;0;0;0;0;0;0;0;0;0;0;0;0;0
Eritrea;0;0;0;0;0;0;0;0;0;0;0;0;0;0;0;48;317;438;658;849;1106;1379;1582;1646;1500;1706;1988;2138;2316;2356;2510;2585;2498;2518
Estonia;0;0;0;0;0;0;0;0;0;0;0;0;0;0;0;0;1;2;3;3;6;7;8;14;12;21;30;31;35;37;40;45;47;54
Etiopia;567;731;1106;1320;1448;1596;1676;1699;1796;1888;1926;1982;1101;2164;2233;2257;2034;1939;1769;1743;1471;1299;1229;1109;544;590;615;617;665;661;713;747;727;750
Filippine;16;25;125;203;284;434;519;589;985;1317;1551;2086;2474;4524;5388;5907;6505;7550;10715;14967;16472;18685;20456;21213;19725;24081;26645;27586;28031;28749;31123;33745;37002;39858
Finlandia;21;18;22;29;31;31;36;36;42;47;52;64;72;0;62;66;82;89;99;113;115;124;153;147;93;97;111;114;115;119;124;124;126;133
Francia;646;663;684;696;1685;1673;1667;1676;2098;2195;2284;2353;1419;2563;2725;2919;3136;3179;3350;3776;3905;4156;4554;4527;2518;2625;3059;3223;3332;3485;3763;3868;4031;4238
Gabon;0;0;0;0;0;0;0;4;2;2;2;3;1;0;3;3;2;2;2;3;4;4;4;4;1;3;3;4;4;5;3;4;4;5
Gambia;4;4;5;5;6;8;4;3;3;3;3;2;7;0;9;9;11;14;26;63;75;121;133;121;62;78;88;94;99;106;116;132;132;149
Georgia;0;0;0;0;0;0;0;0;0;0;0;0;0;0;0;0;0;4;1;3;8;10;13;20;17;20;40;46;48;52;89;143;187;263
Germania;1292;1284;1281;1264;2232;2176;2097;2071;2151;2164;2210;2228;1278;2229;2210;2241;2259;2255;2332;2533;2524;2553;2672;2529;1611;1702;1831;1903;1932;1955;2042;2057;2109;2120
Ghana;12;13;14;16;17;16;16;13;13;17;16;24;21;0;102;107;101;107;111;126;131;133;145;136;106;114;125;113;115;96;121;132;132;177
Giamaica;5;5;6;5;9;9;9;10;5;6;5;6;7;0;8;8;9;10;12;13;14;14;14;15;9;10;14;12;13;12;16;15;15;14
Giappone;497;558;691;771;925;967;964;959;1133;1283;1390;1506;1255;1760;1888;1974;2054;2078;2223;2337;2376;2383;2582;2602;1507;1592;1790;1857;1919;1967;2088;2135;2206;2344
Gibuti;0;0;0;0;0;0;0;0;0;0;0;0;4;0;0;0;0;0;1;1;1;1;1;1;0;0;0;0;0;0;0;0;0;0
Giordania;32;38;59;84;84;96;111;131;158;166;168;187;91;0;236;245;233;236;249;268;266;267;279;272;151;182;183;177;175;178;180;175;169;183
Grecia;466;545;611;650;857;857;859;820;920;947;965;982;306;1019;1050;1065;1066;1040;1060;1111;1126;1149;1170;1072;379;390;395;411;413;432;458;485;504;561
Grenada;0;0;0;0;0;0;0;0;0;0;0;0;14;0;0;0;0;0;0;0;0;0;0;0;0;0;0;0;0;0;0;0;0;0
Guatemala;5;8;13;10;11;10;11;13;12;16;14;14;10;0;17;20;20;18;19;22;22;21;28;27;21;28;32;33;34;35;36;39;49;57
Guinea;8;15;16;18;18;10;10;9;14;17;19;24;14;0;29;32;30;33;42;52;55;59;70;66;54;62;72;78;88;93;90;104;89;110
Guinea Bissau;0;0;0;0;0;0;0;0;0;1;1;1;2;0;1;1;1;1;2;1;1;4;4;6;5;5;4;7;6;6;9;13;12;12
Guinea Equatoriale;0;0;0;0;0;0;0;0;0;0;0;0;1;0;0;0;0;0;0;0;0;0;0;0;0;0;0;0;0;0;0;0;0;0
Guyana;0;0;0;0;0;0;0;0;0;0;0;0;1;0;0;0;0;0;0;0;0;0;0;0;0;0;0;0;0;0;0;0;0;0
Haiti;12;14;20;24;36;32;32;30;29;29;29;30;6;0;28;30;29;28;30;32;35;34;35;28;8;10;8;9;9;10;7;7;9;10
Honduras;0;1;1;1;2;0;0;0;1;4;5;4;8;0;5;5;4;2;2;5;5;6;6;8;7;14;15;15;16;18;20;38;52;65
India;128;139;159;161;173;182;186;175;176;189;199;217;139;0;287;317;331;338;360;428;453;496;568;540;420;502;618;652;668;698;794;879;972;1118
Indonesia;7;11;15;26;32;29;29;35;19;23;25;26;29;0;37;38;44;46;51;60;63;73;83;89;75;74;89;90;86;89;100;106;111;129
Iran;788;837;975;1038;1103;1069;1041;1030;1125;1122;1127;1135;497;1094;1065;1050;1007;968;942;976;969;943;930;855;414;443;469;497;511;486;545;616;696;965
Iraq;53;58;66;77;82;85;87;83;76;76;75;74;30;0;75;74;73;71;73;72;74;77;78;73;28;28;45;47;59;63;82;83;79;67
Irlanda;47;55;66;61;70;70;72;69;80;94;111;129;73;0;207;224;238;247;259;286;302;318;354;332;151;161;183;189;197;207;213;224;243;252
Islanda;0;0;0;0;2;2;2;2;2;6;5;5;8;0;8;6;7;7;7;8;10;13;18;17;15;16;19;22;23;24;29;33;32;32
Israele;394;436;527;571;687;665;657;658;910;941;940;963;360;992;1020;1032;955;931;922;957;968;960;970;918;375;379;421;448;454;465;463;463;461;487
Jugoslavia (Serbia-Montenegro);471;463;494;507;868;853;835;835;832;920;943;1024;1255;1232;1384;1608;1726;1747;1768;1824;1802;1824;1895;1799;987;1045;1143;1147;1149;1126;0;0;0;0
Kazakistan;0;0;0;0;0;0;0;0;0;0;0;0;0;0;0;0;0;0;1;7;12;13;18;17;14;15;22;31;32;48;67;72;75;87
Kenya;16;16;17;17;19;16;19;22;10;11;12;14;20;0;26;31;36;41;46;51;55;73;77;80;63;71;81;88;88;97;108;121;130;149
Kirghizistan;0;0;0;0;0;0;0;0;0;0;0;0;0;0;0;0;0;0;0;0;0;0;0;0;0;0;4;5;5;9;9;11;13;21
Kosovo;0;0;0;0;0;0;0;0;0;0;0;0;0;0;0;0;0;0;0;0;0;0;0;0;0;0;0;0;0;0;5;24;44;210
Kuwait;0;0;0;0;0;0;0;0;0;0;2;2;1;0;2;2;2;2;2;4;4;4;4;5;3;3;4;4;4;4;4;4;4;4
Laos;0;0;0;1;1;1;1;2;0;0;0;0;15;0;0;0;0;0;0;0;0;1;1;0;0;0;1;1;2;1;1;1;1;1
Lesotho;0;0;0;0;0;0;0;0;0;0;0;0;3;0;0;0;0;0;0;0;0;0;0;0;0;0;0;0;0;0;0;0;0;0
Lettonia;0;0;0;0;0;0;0;0;0;0;0;0;0;0;0;0;2;3;4;7;11;11;16;22;23;27;47;58;63;80;91;103;118;144
Libano;299;309;372;372;382;383;411;418;378;383;385;390;237;0;430;438;422;401;387;391;370;348;370;346;195;209;220;219;222;223;213;206;225;239
Liberia;0;0;0;0;0;0;0;0;4;4;4;4;2;0;3;6;5;5;5;5;7;7;8;9;7;10;23;29;28;28;25;26;30;31
Libia;177;176;194;205;215;214;213;214;150;140;137;125;35;0;126;125;95;93;102;106;106;104;111;92;37;51;58;71;81;80;86;80;92;104
Liechtenstein;1;1;1;1;1;1;1;1;0;1;1;1;0;0;0;0;1;1;1;0;0;1;1;1;1;1;1;0;0;1;0;0;0;0
Lituania;0;0;0;0;0;0;0;0;0;0;0;0;0;0;0;0;2;2;4;5;8;11;14;15;22;29;45;53;64;77;105;120;149;177
Lussemburgo;2;2;2;3;12;8;8;9;17;14;15;15;16;0;17;17;15;15;18;18;21;20;15;18;11;9;9;7;8;9;10;12;11;11
Macedonia, ex Rep. Jugoslava;0;0;0;0;0;0;0;0;0;0;0;0;0;0;0;11;29;51;16;15;66;83;108;117;93;119;152;160;173;161;159;164;166;178
Madagascar;7;6;8;9;9;10;15;13;6;7;5;5;11;0;0;12;11;13;13;15;14;15;16;16;12;12;13;14;12;12;12;12;13;17
Malawi;0;0;0;0;0;0;0;0;0;0;0;0;10;0;8;0;0;0;0;0;0;0;0;0;0;0;0;0;0;0;0;0;2;2
Malaysia;4;7;9;12;13;18;13;12;12;16;14;17;7;0;28;30;25;28;31;35;34;35;36;38;21;27;32;34;35;31;30;31;34;39
Maldive;0;0;0;0;0;0;0;0;0;0;0;0;2;0;0;0;1;0;0;0;0;0;0;0;0;0;0;0;0;0;0;1;0;1
Mali;0;0;0;0;0;0;0;0;1;2;3;5;6;0;16;17;16;14;17;22;25;31;31;28;27;28;31;37;39;42;43;40;51;111
Malta;12;12;12;16;18;16;18;21;21;22;22;25;15;0;26;27;24;22;26;21;21;23;20;22;18;16;21;25;27;31;25;27;32;38
Marocco;116;123;131;146;193;218;230;229;421;526;556;1195;600;2791;3037;3230;3294;3612;4401;5253;5497;5849;6328;5948;4514;5308;6067;6450;6663;6749;7140;7618;8071;8720
Mauritania;0;0;0;0;0;0;0;0;0;0;0;2;18;0;3;3;0;0;2;3;5;6;8;6;4;5;5;9;9;10;13;23;26;31
Maurizio;7;9;24;37;47;52;63;63;86;112;128;162;222;0;395;455;498;532;611;767;860;988;1124;1173;1122;1225;1284;1304;1311;1292;1299;1319;1349;1387
Messico;29;35;48;50;55;62;65;60;82;90;86;99;85;0;144;155;159;148;148;158;164;179;192;196;121;145;170;186;176;172;194;212;250;275
Moldavia;0;0;0;0;0;0;0;0;0;0;0;0;0;0;0;0;0;2;4;11;16;41;78;145;255;855;1151;1279;1264;1454;1917;2394;2971;3377
Monaco;1;1;1;2;2;2;2;2;0;0;0;0;9;0;1;1;1;1;1;1;1;1;1;1;0;0;0;2;2;2;2;2;2;2
Mongolia;0;0;0;0;0;0;0;0;0;0;0;0;3;0;1;0;2;2;2;2;3;4;5;7;4;8;7;6;6;6;8;8;16;20
Montenegro;0;0;0;0;0;0;0;0;0;0;0;0;0;0;0;0;0;0;0;0;0;0;0;0;0;0;0;0;0;0;8;14;28;168
Mozambico;1;2;3;3;5;4;5;5;6;8;7;9;3;0;11;10;10;10;9;9;8;11;12;12;5;5;8;9;9;9;8;7;7;7
Myanmar (Birmania);1;1;1;6;6;6;7;7;1;1;1;1;1;0;4;4;8;8;8;9;9;10;9;8;6;5;7;7;6;6;8;10;11;19
Namibia;0;0;0;0;0;0;0;0;0;0;0;0;6;0;0;0;0;0;0;0;0;0;0;0;0;0;0;0;0;0;0;0;0;0
Nepal;0;0;0;0;0;2;2;2;3;4;6;6;6;0;7;9;10;12;14;17;17;17;25;24;22;32;41;42;46;47;54;61;66;84
Nicaragua;1;1;2;2;2;3;4;5;8;9;10;10;15;0;14;14;15;16;18;18;17;17;17;17;13;19;23;19;19;18;21;25;34;38
Niger;0;0;0;0;0;0;0;0;1;1;1;1;3;0;1;2;2;2;5;4;4;4;4;3;3;6;8;10;9;9;12;12;12;22
Nigeria;15;20;20;36;46;47;47;48;53;55;57;60;23;0;79;83;84;91;137;209;225;335;406;421;315;351;388;380;395;394;404;454;466;554
Norvegia;9;10;10;7;17;17;20;24;25;26;27;31;35;0;39;47;48;49;50;59;62;66;82;85;53;56;63;63;67;67;69;77;79;77
Nuova Zelanda;8;9;9;7;14;13;16;17;13;14;11;13;19;0;18;17;17;16;14;14;19;21;22;25;17;21;23;23;26;26;26;25;24;24
Oman;1;1;1;1;1;1;1;1;1;0;0;0;2;0;0;0;0;0;0;0;0;0;0;0;0;0;0;0;0;0;0;0;0;0
Paesi Bassi;132;136;134;129;246;239;237;230;282;306;332;374;216;0;417;432;428;444;453;495;502;536;569;556;332;336;376;376;385;415;437;446;442;486
Pakistan;13;14;15;14;21;23;24;24;48;70;84;109;115;0;371;384;374;399;472;597;644;751;907;912;635;739;832;872;899;889;950;1037;1120;1317
Panama;12;12;14;15;14;14;16;14;11;13;13;14;10;0;44;44;43;45;43;44;43;49;45;41;22;22;27;24;25;22;22;25;26;30
Paraguay;0;0;0;1;2;3;3;4;7;6;8;8;6;0;13;16;13;14;14;21;22;27;29;30;22;22;28;29;32;34;39;46;67;84
Perù;16;20;23;30;80;76;80;86;125;162;176;361;584;716;961;1110;1357;1838;3425;5820;6655;7965;9036;9381;9051;12638;13784;14204;14070;14103;15586;17672;19655;21142
Polonia;121;124;135;142;252;262;272;274;186;195;204;196;123;0;265;282;290;289;299;373;391;436;492;495;378;514;675;741;805;877;996;1062;1132;1193
Portogallo;54;58;77;83;94;103;104;104;119;141;146;166;123;0;337;367;385;383;409;437;444;448;488;454;278;293;323;323;342;373;420;422;445;486
Regno Unito;893;934;996;1026;1822;1810;1808;1817;2132;2244;2284;2359;1077;2572;2655;2707;2710;2670;2761;2937;3007;3039;3240;3093;1500;1563;1702;1750;1781;1810;1933;1960;2056;2136
Romania;214;234;282;302;334;350;363;348;189;199;193;218;150;0;442;484;541;592;734;1018;1204;1752;2260;2493;2627;4621;5536;5951;7908;9619;11244;12154;12701;14409
Ruanda;13;12;14;15;15;15;13;11;11;11;11;11;1;0;12;13;17;18;19;22;26;25;26;27;8;8;12;13;19;18;24;22;17;20
Russa, Federazione;0;0;0;0;0;0;0;0;0;0;0;0;0;0;0;0;246;281;262;407;462;524;643;670;580;737;896;968;951;982;1072;1166;1340;1627
Saint Kitts e Nevis;0;0;0;0;0;0;0;0;0;0;0;0;0;0;0;0;0;0;0;0;0;0;0;0;0;0;0;0;0;0;0;1;0;0
Saint Lucia;0;0;0;0;0;0;0;0;0;0;0;0;1;0;0;0;0;0;0;0;0;0;0;0;0;0;0;0;0;0;0;0;0;0
Salomone;0;0;0;0;0;0;0;0;0;0;0;0;1;0;0;0;0;0;0;0;0;0;0;0;0;0;0;0;0;0;0;0;0;0
San Marino;97;97;89;80;87;85;84;78;80;80;74;72;51;0;70;68;61;57;53;55;55;53;48;49;47;46;47;43;43;44;44;45;42;42
Sao Tomè e Principe;0;0;0;0;0;0;0;0;0;0;0;0;0;0;0;0;0;0;0;0;0;1;1;1;1;0;0;0;0;0;0;0;0;0
Seicelle;14;21;31;39;49;51;48;50;63;79;81;86;47;0;96;93;94;98;96;100;98;103;111;104;69;73;70;64;63;63;56;56;58;61
Senegal;8;12;13;16;17;21;19;18;69;94;94;264;164;595;668;686;684;723;1148;1571;1655;2002;2144;1966;1310;1696;1791;1835;1780;1729;1785;1904;2124;2385
Serbia;0;0;0;0;0;0;0;0;0;0;0;0;0;0;0;0;0;0;0;0;0;0;0;0;0;0;0;0;0;0;1112;1102;1033;654
Sierra Leone;10;13;17;19;19;21;23;19;18;19;22;26;21;0;35;36;40;37;39;36;33;39;44;46;33;36;39;46;45;47;43;48;41;42
Singapore;0;0;0;0;5;6;8;10;6;8;6;7;10;0;11;12;14;15;17;16;16;18;18;15;12;16;16;14;15;18;24;24;24;25
Siria;153;168;181;186;194;198;193;177;110;117;114;109;91;0;157;158;158;159;179;202;208;223;254;252;196;231;266;288;292;287;294;319;330;363
Slovacchia;0;0;0;0;0;0;0;0;0;0;0;0;0;0;0;0;0;0;5;12;16;24;39;59;66;88;115;124;137;148;154;159;172;179
Slovenia;0;0;0;0;0;0;0;0;0;0;0;0;0;0;10;20;19;23;22;27;28;31;30;26;19;18;22;23;30;34;51;59;60;75
Somalia;58;62;75;84;88;91;93;94;119;127;144;167;233;0;610;735;848;903;947;1109;1214;1264;1278;1197;453;466;477;473;466;447;456;542;503;497
Spagna;273;287;326;333;602;621;611;610;766;875;928;957;536;1104;1168;1222;1266;1290;1359;1494;1515;1580;1783;1772;1070;1190;1357;1437;1488;1555;1678;1788;1915;2093
Sri Lanka (Ceylon);12;22;42;76;96;142;175;209;308;377;455;635;686;1224;1585;1940;2362;2676;3457;4624;5195;6118;7219;7860;7138;8701;9872;10318;10600;11087;12348;13340;14512;16125
Stati Uniti d'America;512;509;515;550;1281;1297;1305;1344;1643;1638;1623;1677;850;1771;1802;1846;1826;1748;1785;1831;1826;1850;1948;1877;815;872;948;984;1012;1030;1065;1105;1150;1237
Sud Africa;45;54;53;51;62;59;61;57;45;48;47;46;21;0;46;47;47;40;40;39;40;41;44;45;26;28;31;36;36;33;37;40;31;39
Sudan;16;16;16;19;23;19;20;20;25;25;24;22;17;0;41;45;46;45;48;55;63;67;75;60;51;55;66;113;147;121;112;122;106;123
Suriname;0;0;0;0;0;0;0;0;0;0;0;0;0;0;0;0;1;1;1;1;1;1;1;1;0;0;0;0;0;0;0;0;0;0
Svezia;84;92;85;93;137;127;130;125;139;142;143;150;87;0;161;191;202;198;213;242;254;274;319;324;194;213;245;258;275;286;307;322;339;352
Svizzera;1673;1641;1572;1529;2294;2205;2119;2024;2028;1993;1953;1895;1020;1772;1719;1686;1631;1572;1561;1549;1496;1464;1469;1384;883;860;866;861;843;823;841;828;816;808
Swaziland;0;0;0;0;0;0;0;0;0;0;0;0;2;0;0;0;0;0;0;0;0;0;0;0;0;0;0;0;0;0;0;0;0;0
Tagikistan;0;0;0;0;0;0;0;0;0;0;0;0;0;0;0;0;0;0;4;4;4;4;5;5;5;7;7;6;3;4;7;7;9;9
Taiwan (Formosa);27;30;39;44;65;66;75;76;77;75;77;79;22;0;92;93;120;119;44;35;131;135;142;126;32;31;44;49;54;55;64;67;71;77
Tanzania;2;8;9;10;10;9;10;10;11;6;6;8;6;0;9;13;13;10;11;14;14;15;16;13;10;10;10;13;13;14;16;16;16;18
Territori Autonomia Palestinese;0;0;0;0;0;0;0;0;0;0;0;0;0;0;0;0;0;0;0;0;2;1;2;3;4;10;21;25;25;24;32;41;48;43
Thailandia;7;7;9;21;23;26;26;26;35;37;37;38;38;0;62;57;59;57;61;74;76;83;97;93;67;74;97;102;118;129;147;167;186;221
Togo;5;6;6;5;6;6;7;6;6;6;6;2;3;0;8;9;9;10;12;16;19;21;27;36;41;70;110;160;139;123;119;129;118;118
Trinidad e Tobago;5;3;3;4;4;3;3;3;5;4;4;6;5;0;9;10;11;12;12;12;12;12;12;14;4;4;5;5;5;6;6;7;6;6
Tunisia;95;101;119;123;158;153;154;148;208;242;274;374;299;818;903;961;970;987;1082;1214;1229;1314;1441;1393;970;1164;1294;1372;1411;1468;1532;1592;1627;1757
Turchia;116;124;147;161;599;601;583;561;510;526;542;566;324;696;722;764;745;739;805;934;946;994;1112;1096;790;924;1021;1034;1055;1038;1061;1118;1172;1295
Turkmenistan;0;0;0;0;0;0;0;0;0;0;0;0;0;0;0;0;0;0;2;3;3;1;1;1;4;4;6;6;4;4;4;5;4;5
Tuvalu;0;0;0;0;0;0;0;0;0;0;0;0;1;0;0;0;0;0;0;0;0;0;0;0;0;0;0;0;0;0;0;0;0;0
Ucraina;0;0;0;0;0;0;0;0;0;0;0;0;0;0;0;0;2;3;20;46;68;132;241;309;567;2092;2955;3492;3631;3918;4788;5728;6913;7820
Uganda;4;3;4;8;10;7;3;1;1;1;1;1;7;0;3;4;6;6;7;10;8;11;9;9;6;8;7;12;14;15;14;14;13;13
Ungheria;158;158;162;165;203;201;203;202;171;177;167;154;78;0;156;166;161;165;169;168;163;180;187;184;98;112;132;144;156;167;186;192;205;220
Uruguay;82;86;91;93;89;89;83;76;106;116;114;175;125;0;208;213;208;208;215;243;239;251;272;252;129;149;173;167;177;168;178;180;193;207
Uzbekistan;0;0;0;0;0;0;0;0;0;0;0;0;0;0;0;0;0;1;1;4;5;6;9;9;11;16;15;18;19;16;19;25;21;30
Venezuela;76;76;78;104;123;104;106;106;96;91;87;91;83;0;123;122;124;129;135;157;170;204;231;228;164;206;236;252;241;248;283;303;316;358
Vietnam;49;54;61;70;79;73;74;67;46;46;45;41;18;0;43;45;40;38;4;4;27;28;30;23;5;8;9;10;16;14;23;24;24;22
Yemen;1;1;1;1;1;1;1;1;4;4;4;5;3;0;6;6;6;6;6;6;6;6;6;7;3;3;3;4;4;4;4;4;5;1
Zambia;4;5;5;5;5;2;2;3;2;2;3;3;0;0;3;3;3;3;3;3;3;3;3;2;1;1;1;1;2;5;5;4;6;8
Zimbabwe (Rhodesia);4;2;2;3;4;4;4;4;0;0;0;0;4;0;1;2;1;2;3;3;3;3;3;2;0;1;2;2;2;3;5;6;5;9
